Workbook

Sheet Lab 1
A1: Laboratorium 1 — Analiza danych eksperymentalnych
A3: Zadanie 1. Kwartet Anscombe’a
A4: Wariancja z próby: dzielnik n−1. Prosta regresji: y = beta0 + beta1 · x.
A6: Seria | B6: Śr. x | C6: Śr. y | D6: Var. x | E6: Var. y | F6: Pearson r | G6: beta0 | H6: beta1
A7: I | B7: =AVERAGE('Lab 1'!$B$113:$B$123) -> 9 | C7: =AVERAGE('Lab 1'!$C$113:$C$123) -> 7.5009091 | D7: =_xlfn.VAR.S('Lab 1'!$B$113:$B$123) -> 11 | E7: =_xlfn.VAR.S('Lab 1'!$C$113:$C$123) -> 4.1272691 | F7: =CORREL('Lab 1'!$B$113:$B$123,'Lab 1'!$C$113:$C$123) -> 0.81642052 | G7: =INTERCEPT('Lab 1'!$C$113:$C$123,'Lab 1'!$B$113:$B$123) -> 3.0000909 | H7: =SLOPE('Lab 1'!$C$113:$C$123,'Lab 1'!$B$113:$B$123) -> 0.50009091
A8: II | B8: =AVERAGE('Lab 1'!$D$113:$D$123) -> 9 | C8: =AVERAGE('Lab 1'!$E$113:$E$123) -> 7.5009091 | D8: =_xlfn.VAR.S('Lab 1'!$D$113:$D$123) -> 11 | E8: =_xlfn.VAR.S('Lab 1'!$E$113:$E$123) -> 4.1276291 | F8: =CORREL('Lab 1'!$D$113:$D$123,'Lab 1'!$E$113:$E$123) -> 0.81623651 | G8: =INTERCEPT('Lab 1'!$E$113:$E$123,'Lab 1'!$D$113:$D$123) -> 3.0009091 | H8: =SLOPE('Lab 1'!$E$113:$E$123,'Lab 1'!$D$113:$D$123) -> 0.5
A9: III | B9: =AVERAGE('Lab 1'!$F$113:$F$123) -> 9 | C9: =AVERAGE('Lab 1'!$G$113:$G$123) -> 7.5 | D9: =_xlfn.VAR.S('Lab 1'!$F$113:$F$123) -> 11 | E9: =_xlfn.VAR.S('Lab 1'!$G$113:$G$123) -> 4.12262 | F9: =CORREL('Lab 1'!$F$113:$F$123,'Lab 1'!$G$113:$G$123) -> 0.81628674 | G9: =INTERCEPT('Lab 1'!$G$113:$G$123,'Lab 1'!$F$113:$F$123) -> 3.0024545 | H9: =SLOPE('Lab 1'!$G$113:$G$123,'Lab 1'!$F$113:$F$123) -> 0.49972727
A10: IV | B10: =AVERAGE('Lab 1'!$H$113:$H$123) -> 9 | C10: =AVERAGE('Lab 1'!$I$113:$I$123) -> 7.5009091 | D10: =_xlfn.VAR.S('Lab 1'!$H$113:$H$123) -> 11 | E10: =_xlfn.VAR.S('Lab 1'!$I$113:$I$123) -> 4.1232491 | F10: =CORREL('Lab 1'!$H$113:$H$123,'Lab 1'!$I$113:$I$123) -> 0.81652144 | G10: =INTERCEPT('Lab 1'!$I$113:$I$123,'Lab 1'!$H$113:$H$123) -> 3.0017273 | H10: =SLOPE('Lab 1'!$I$113:$I$123,'Lab 1'!$H$113:$H$123) -> 0.49990909
A49: Zadanie 2. Zapis danych i usunięcie punktu odstającego
A51: Format | B51: Bajty | F51: Dane | G51: n | H51: beta0 | I51: beta1 | J51: R²
A52: CSV | B52: 555 | F52: Przed | G52: =COUNT('Lab 1'!$F$113:$F$123) -> 11 | H52: =INTERCEPT('Lab 1'!$G$113:$G$123,'Lab 1'!$F$113:$F$123) -> 3.0024545 | I52: =SLOPE('Lab 1'!$G$113:$G$123,'Lab 1'!$F$113:$F$123) -> 0.49972727 | J52: =RSQ('Lab 1'!$G$113:$G$123,'Lab 1'!$F$113:$F$123) -> 0.66632404
A53: JSON | B53: 1470 | F53: Po | G53: =COUNT('Lab 1'!$K$113:$K$122) -> 10 | H53: =INTERCEPT('Lab 1'!$L$113:$L$122,'Lab 1'!$K$113:$K$122) -> 4.0056494 | I53: =SLOPE('Lab 1'!$L$113:$L$122,'Lab 1'!$K$113:$K$122) -> 0.34538961 | J53: =RSQ('Lab 1'!$L$113:$L$122,'Lab 1'!$K$113:$K$122) -> 0.99999311
A54: XML | B54: 3033
A56: Reguła 1,5 × IQR dla y w serii III wskazała punkt (13; 12,74). Po filtracji pozostało 10 punktów.
A78: Zadanie 3. Porównanie serii 1, 9 i 10
A80: Seria | B80: Śr. x | C80: Śr. y | D80: Var. x | E80: Var. y | F80: Pearson r | G80: beta0 | H80: beta1
A81: seria1 | B81: =AVERAGE('Lab 1'!$B$129:$B$270) -> 54.263273 | C81: =AVERAGE('Lab 1'!$C$129:$C$270) -> 47.832253 | D81: =_xlfn.VAR.S('Lab 1'!$B$129:$B$270) -> 281.06999 | E81: =_xlfn.VAR.S('Lab 1'!$C$129:$C$270) -> 725.51596 | F81: =CORREL('Lab 1'!$B$129:$B$270,'Lab 1'!$C$129:$C$270) -> -0.064471853 | G81: =INTERCEPT('Lab 1'!$C$129:$C$270,'Lab 1'!$B$129:$B$270) -> 53.452978 | H81: =SLOPE('Lab 1'!$C$129:$C$270,'Lab 1'!$B$129:$B$270) -> -0.1035825
A82: seria9 | B82: =AVERAGE('Lab 1'!$D$129:$D$270) -> 54.26732 | C82: =AVERAGE('Lab 1'!$E$129:$E$270) -> 47.837717 | D82: =_xlfn.VAR.S('Lab 1'!$D$129:$D$270) -> 280.89802 | E82: =_xlfn.VAR.S('Lab 1'!$E$129:$E$270) -> 725.22684 | F82: =CORREL('Lab 1'!$D$129:$D$270,'Lab 1'!$E$129:$E$270) -> -0.068343356 | G82: =INTERCEPT('Lab 1'!$E$129:$E$270,'Lab 1'!$D$129:$D$270) -> 53.797045 | H82: =SLOPE('Lab 1'!$E$129:$E$270,'Lab 1'!$D$129:$D$270) -> -0.1098143
A83: seria10 | B83: =AVERAGE('Lab 1'!$F$129:$F$270) -> 54.26873 | C83: =AVERAGE('Lab 1'!$G$129:$G$270) -> 47.830823 | D83: =_xlfn.VAR.S('Lab 1'!$F$129:$F$270) -> 281.20739 | E83: =_xlfn.VAR.S('Lab 1'!$G$129:$G$270) -> 725.53337 | F83: =CORREL('Lab 1'!$F$129:$F$270,'Lab 1'!$G$129:$G$270) -> -0.068586394 | G83: =INTERCEPT('Lab 1'!$G$129:$G$270,'Lab 1'!$F$129:$F$270) -> 53.809471 | H83: =SLOPE('Lab 1'!$G$129:$G$270,'Lab 1'!$F$129:$F$270) -> -0.11016745
A110: Dane źródłowe użyte w tabelach i wykresach
A112: Nr | B112: x I | C112: y I | D112: x II | E112: y II | F112: x III | G112: y III | H112: x IV | I112: y IV | K112: x III po | L112: y III po
A113: 1 | B113: 10 | C113: 8.04 | D113: 10 | E113: 9.14 | F113: 10 | G113: 7.46 | H113: 8 | I113: 6.58 | K113: =F113 -> 10 | L113: =G113 -> 7.46
A114: 2 | B114: 8 | C114: 6.95 | D114: 8 | E114: 8.14 | F114: 8 | G114: 6.77 | H114: 8 | I114: 5.76 | K114: =F114 -> 8 | L114: =G114 -> 6.77
A115: 3 | B115: 13 | C115: 7.58 | D115: 13 | E115: 8.74 | F115: 13 | G115: 12.74 | H115: 8 | I115: 7.71 | K115: =F116 -> 9 | L115: =G116 -> 7.11
A116: 4 | B116: 9 | C116: 8.81 | D116: 9 | E116: 8.77 | F116: 9 | G116: 7.11 | H116: 8 | I116: 8.84 | K116: =F117 -> 11 | L116: =G117 -> 7.81
A117: 5 | B117: 11 | C117: 8.33 | D117: 11 | E117: 9.26 | F117: 11 | G117: 7.81 | H117: 8 | I117: 8.47 | K117: =F118 -> 14 | L117: =G118 -> 8.84
A118: 6 | B118: 14 | C118: 9.96 | D118: 14 | E118: 8.1 | F118: 14 | G118: 8.84 | H118: 8 | I118: 7.04 | K118: =F119 -> 6 | L118: =G119 -> 6.08
A119: 7 | B119: 6 | C119: 7.24 | D119: 6 | E119: 6.13 | F119: 6 | G119: 6.08 | H119: 8 | I119: 5.25 | K119: =F120 -> 4 | L119: =G120 -> 5.39
A120: 8 | B120: 4 | C120: 4.26 | D120: 4 | E120: 3.1 | F120: 4 | G120: 5.39 | H120: 19 | I120: 12.5 | K120: =F121 -> 12 | L120: =G121 -> 8.15
A121: 9 | B121: 12 | C121: 10.84 | D121: 12 | E121: 9.13 | F121: 12 | G121: 8.15 | H121: 8 | I121: 5.56 | K121: =F122 -> 7 | L121: =G122 -> 6.42
A122: 10 | B122: 7 | C122: 4.82 | D122: 7 | E122: 7.26 | F122: 7 | G122: 6.42 | H122: 8 | I122: 7.91 | K122: =F123 -> 5 | L122: =G123 -> 5.73
A123: 11 | B123: 5 | C123: 5.68 | D123: 5 | E123: 4.74 | F123: 5 | G123: 5.73 | H123: 8 | I123: 6.89
A128: Nr | B128: x seria1 | C128: y seria1 | D128: x seria9 | E128: y seria9 | F128: x seria10 | G128: y seria10
A129: 1 | B129: 55.3846 | C129: 97.1795 | D129: 55.99303 | E129: 79.277264 | F129: 51.203891 | G129: 83.339777 | I129: Prosta: Seria I
A130: 2 | B130: 51.5385 | C130: 96.0256 | D130: 50.032254 | E130: 79.013071 | F130: 58.97447 | G130: 85.499818 | I130: 3 | J130: =G7+H7*I130 -> 4.5003636
A131: 3 | B131: 46.1538 | C131: 94.4872 | D131: 51.288459 | E131: 82.43594 | F131: 51.872073 | G131: 85.829738 | I131: 20 | J131: =G7+H7*I131 -> 13.001909
A132: 4 | B132: 42.8205 | C132: 91.4103 | D132: 51.170537 | E132: 79.165294 | F132: 48.179931 | G132: 85.045117
A133: 5 | B133: 40.7692 | C133: 88.3333 | D133: 44.377915 | E133: 78.164628 | F133: 41.6832 | G133: 84.017941 | I133: Prosta: Seria II
A134: 6 | B134: 38.7179 | C134: 84.8718 | D134: 45.01027 | E134: 77.880863 | F134: 37.890416 | G134: 82.567493 | I134: 3 | J134: =G8+H8*I134 -> 4.5009091
A135: 7 | B135: 35.641 | C135: 79.8718 | D135: 48.559817 | E135: 78.788371 | F135: 39.548974 | G135: 80.812602 | I135: 20 | J135: =G8+H8*I135 -> 13.000909
A136: 8 | B136: 33.0769 | C136: 77.5641 | D136: 42.142268 | E136: 76.880635 | F136: 39.649574 | G136: 82.664534
A137: 9 | B137: 28.9744 | C137: 74.4872 | D137: 41.026972 | E137: 76.409588 | F137: 34.750597 | G137: 80.011091 | I137: Prosta: Seria III
A138: 10 | B138: 26.1538 | C138: 71.4103 | D138: 34.575309 | E138: 72.724841 | F138: 27.560835 | G138: 72.847826 | I138: 3 | J138: =G9+H9*I138 -> 4.5016364
A139: 11 | B139: 23.0769 | C139: 66.4103 | D139: 31.168601 | E139: 69.245421 | F139: 24.63554 | G139: 71.610715 | I139: 20 | J139: =G9+H9*I139 -> 12.997
A140: 12 | B140: 22.3077 | C140: 61.7949 | D140: 32.644254 | E140: 70.732555 | F140: 20.959465 | G140: 66.041498
A141: 13 | B141: 22.3077 | C141: 57.1795 | D141: 26.666646 | E141: 62.980971 | F141: 20.689149 | G141: 62.721305 | I141: Prosta: Seria IV
A142: 14 | B142: 23.3333 | C142: 52.9487 | D142: 26.459262 | E142: 62.634673 | F142: 19.288205 | G142: 62.063059 | I142: 3 | J142: =G10+H10*I142 -> 4.5014545
A143: 15 | B143: 25.8974 | C143: 51.0256 | D143: 25.538008 | E143: 60.630236 | F143: 20.024501 | G143: 61.342624 | I143: 20 | J143: =G10+H10*I143 -> 12.999909
A144: 16 | B144: 29.4872 | C144: 51.0256 | D144: 26.320711 | E144: 62.396281 | F144: 35.469523 | G144: 43.115885
A145: 17 | B145: 32.8205 | C145: 51.0256 | D145: 26.163387 | E145: 62.026815 | F145: 36.894328 | G145: 47.706556 | I145: Prosta: Przed usunięciem punktu
A146: 18 | B146: 35.3846 | C146: 51.4103 | D146: 25.21379 | E146: 60.273399 | F146: 39.05555 | G146: 55.546974 | I146: 3 | J146: =H52+I52*I146 -> 4.5016364
A147: 19 | B147: 40.2564 | C147: 51.4103 | D147: 26.85953 | E147: 63.141835 | F147: 46.95708 | G147: 65.240407 | I147: 15 | J147: =H52+I52*I147 -> 10.498364
A148: 20 | B148: 44.1026 | C148: 52.9487 | D148: 31.760669 | E148: 69.797655 | F148: 37.310453 | G148: 45.258751
A149: 21 | B149: 46.6667 | C149: 54.1026 | D149: 39.793291 | E149: 75.807964 | F149: 40.009672 | G149: 60.986583 | I149: Prosta: Po usunięciu punktu
A150: 22 | B150: 50 | C150: 55.2564 | D150: 45.617439 | E150: 78.11997 | F150: 48.014387 | G150: 65.71282 | I150: 3 | J150: =H53+I53*I150 -> 5.0418182
A151: 23 | B151: 53.0769 | C151: 55.641 | D151: 53.771461 | E151: 79.302932 | F151: 53.703776 | G151: 66.389482 | I151: 15 | J151: =H53+I53*I151 -> 9.1864935
A152: 24 | B152: 56.6667 | C152: 56.0256 | D152: 56.451434 | E152: 79.247107 | F152: 63.0675 | G152: 64.035
A153: 25 | B153: 59.2308 | C153: 57.9487 | D153: 66.09372 | E153: 77.017818 | F153: 62.048033 | G153: 63.845863 | I153: Prosta: seria1
A154: 26 | B154: 61.2821 | C154: 62.1795 | D154: 56.925839 | E154: 79.206319 | F154: 59.839967 | G154: 64.476764 | I154: 0 | J154: =G81+H81*I154 -> 53.452978
A155: 27 | B155: 61.5385 | C155: 66.4103 | D155: 58.988254 | E155: 78.917259 | F155: 55.160942 | G155: 65.237308 | I155: 100 | J155: =G81+H81*I155 -> 43.094728
A156: 28 | B156: 61.7949 | C156: 69.1026 | D156: 57.902266 | E156: 79.080868 | F156: 61.279787 | G156: 65.766403
A157: 29 | B157: 57.4359 | C157: 55.2564 | D157: 64.812867 | E157: 77.486939 | F157: 60.834918 | G157: 64.60377 | I157: Prosta: seria9
A158: 30 | B158: 54.8718 | C158: 49.8718 | D158: 60.349794 | E158: 78.729446 | F158: 61.520591 | G158: 64.791855 | I158: 0 | J158: =G82+H82*I158 -> 53.797045
A159: 31 | B159: 52.5641 | C159: 46.0256 | D159: 48.890556 | E159: 16.806544 | F159: 36.916544 | G159: 41.095247 | I159: 100 | J159: =G82+H82*I159 -> 42.815615
A160: 32 | B160: 48.2051 | C160: 38.3333 | D160: 47.549506 | E160: 17.071405 | F160: 38.5022 | G160: 41.567156
A161: 33 | B161: 49.4872 | C161: 42.1795 | D161: 30.889431 | E161: 26.329037 | F161: 48.664371 | G161: 30.680667 | I161: Prosta: seria10
A162: 34 | B162: 51.0256 | C162: 44.1026 | D162: 28.972836 | E162: 29.050469 | F162: 50.285252 | G162: 30.337922 | I162: 0 | J162: =G83+H83*I162 -> 53.809471
A163: 35 | B163: 45.3846 | C163: 36.4103 | D163: 35.161361 | E163: 22.78685 | F163: 42.276333 | G163: 34.527636 | I163: 100 | J163: =G83+H83*I163 -> 42.792726
A164: 36 | B164: 42.8205 | C164: 32.5641 | D164: 45.870369 | E164: 17.489393 | F164: 54.031776 | G164: 29.672348
A165: 37 | B165: 38.7179 | C165: 31.4103 | D165: 32.831421 | E165: 24.797538 | F165: 37.329355 | G165: 39.602042
A166: 38 | B166: 35.1282 | C166: 30.2564 | D166: 39.485575 | E166: 20.03305 | F166: 41.389523 | G166: 37.296056
A167: 39 | B167: 32.5641 | C167: 32.1795 | D167: 33.446183 | E167: 24.190643 | F167: 40.074667 | G167: 34.623685
A168: 40 | B168: 30 | C168: 36.7949 | D168: 21.863581 | E168: 46.052593 | F168: 35.349681 | G168: 47.141073
A169: 41 | B169: 33.5897 | C169: 41.4103 | D169: 25.165871 | E169: 35.766614 | F169: 34.7637 | G169: 47.6248
A170: 42 | B170: 36.6667 | C170: 45.641 | D170: 22.959479 | E170: 51.287707 | F170: 37.026629 | G170: 44.462293
A171: 43 | B171: 38.2051 | C171: 49.1026 | D171: 25.586055 | E171: 60.846583 | F171: 36.45557 | G171: 40.791843
A172: 44 | B172: 29.7436 | C172: 36.0256 | D172: 26.31431 | E172: 33.297168 | F172: 35.537664 | G172: 48.729387
A173: 45 | B173: 29.7436 | C173: 32.1795 | D173: 33.037301 | E173: 24.564462 | F173: 20.408948 | G173: 32.20303
A174: 46 | B174: 30 | C174: 29.1026 | D174: 36.468889 | E174: 21.876114 | F174: 23.49571 | G174: 25.322468
A175: 47 | B175: 32.0513 | C175: 26.7949 | D175: 26.513553 | E175: 32.91875 | F175: 29.557543 | G175: 21.364777
... A270: 142 | B270: 44.1026 | C270: 92.6923 | D270: 51.467101 | E270: 79.201845 | F270: 43.368502 | G270: 84.332177
